id;suffixe;nom;prenom;date_naissance;adresse_contact;ville;email;type_bac;mention;annee_obtention;cin_pass;pays_nationalite;pays_residence;codepostal;province;tel;deuxieme_tel;photo;photo_content_type;test_admission;test_admission_content_type;releves_notes;releves_notes_content_type;bacalaureat;bacalaureat_content_type;cin_passport;cin_passport_content_type;diplome;diplome_content_type;inscriptionvalide;absent;etablissement_obtention;niveau;licence;annee_obtention_licence;etablissement_obtention_licence
1;Club;invoice quantify impactful;bandwidth Sleek Granite Shirt channels;2020-11-07T08:09:39;Plaza e-commerce experiences;Frozen;Romaine_Luettgen25@yahoo.com;Sciences_Economiques;Bien;hacking Burundi Franc Rustic;Licensed Metal;input groupware feed;Applications;Refined deposit;Internal open-source;83415;9179;../fake-data/blob/hipster.png;image/png;../fake-data/blob/hipster.png;image/png;../fake-data/blob/hipster.png;image/png;../fake-data/blob/hipster.png;image/png;../fake-data/blob/hipster.png;image/png;../fake-data/blob/hipster.png;image/png;FALSE;TRUE;Forward partnerships tan;PREMIER;viral Granite Refined Concrete Cheese;deposit Intelligent Tools;bandwidth-monitored
2;Brand;Money Market Account;relationships payment Interactions;2020-11-07T04:17:41;Intelligent programming projection;mission-critical Heard Island and McDonald Islands Ergonomic Fresh Chair;Raymond50@yahoo.com;Sciences_Economiques;Tres_bien;alarm;deploy innovate;overriding;neural;Kroon port Guyana;Multi-tiered optical US Dollar;21854;34823;../fake-data/blob/hipster.png;image/png;../fake-data/blob/hipster.png;image/png;../fake-data/blob/hipster.png;image/png;../fake-data/blob/hipster.png;image/png;../fake-data/blob/hipster.png;image/png;../fake-data/blob/hipster.png;image/png;FALSE;TRUE;redundant wireless visualize;DEUXIEME;payment Cambridgeshire XSS;SDR;Generic
3;Berkshire;target Nevada Handmade Frozen Pants;Forward Web;2020-11-07T04:26:33;Credit Card Account impactful Knoll;benchmark Forward;Ebony_Olson@yahoo.com;Sciences_Economiques;Tres_bien;Associate EXE;Saint Kitts and Nevis copy;Developer;Cambridgeshire;Steel;Chair deposit mission-critical;67082;5831;../fake-data/blob/hipster.png;image/png;../fake-data/blob/hipster.png;image/png;../fake-data/blob/hipster.png;image/png;../fake-data/blob/hipster.png;image/png;../fake-data/blob/hipster.png;image/png;../fake-data/blob/hipster.png;image/png;FALSE;TRUE;transmitting;TROISIEME;application;Money Market Account;SMS PCI
4;Ergonomic Rubber Cheese;Fantastic Soft Gloves auxiliary;pink Facilitator;2020-11-07T19:42:03;transparent PNG;RAM;Marion_Romaguera@yahoo.com;Sciences_Physiques_Et_Chimiques;Passable;Intelligent;Buckinghamshire Fish CSS;Algeria navigate;Refined Frozen Computer program;website driver;cross-platform TCP;31230;50010;../fake-data/blob/hipster.png;image/png;../fake-data/blob/hipster.png;image/png;../fake-data/blob/hipster.png;image/png;../fake-data/blob/hipster.png;image/png;../fake-data/blob/hipster.png;image/png;../fake-data/blob/hipster.png;image/png;TRUE;FALSE;Planner;PREMIER;Table District XSS;Jordanian Dinar next-generation magenta;Small Wooden Table Plastic algorithm
5;Bermuda;Borders;Organized;2020-11-07T03:58:22;parse world-class Bedfordshire;Refined Soft Gloves methodologies 24/7;Rosella13@yahoo.com;Sciences_De_La_Vie_Et_De_La_Terre;Tres_bien;array Buckinghamshire;empower grey;Refined yellow internet solution;workforce value-added;Motorway;Oregon Credit Card Account 24 hour;60521;39273;../fake-data/blob/hipster.png;image/png;../fake-data/blob/hipster.png;image/png;../fake-data/blob/hipster.png;image/png;../fake-data/blob/hipster.png;image/png;../fake-data/blob/hipster.png;image/png;../fake-data/blob/hipster.png;image/png;FALSE;FALSE;Toys Accounts;DEUXIEME;Identity bandwidth-monitored;value-added communities;Pine Grocery sensor
6;Cambridgeshire Tunisian Dinar;teal Berkshire;Rufiyaa;2020-11-07T00:45:48;Unbranded toolset Research;ivory;Alex.Towne@hotmail.com;Sciences_Physiques_Et_Chimiques;Tres_bien;Designer;Shoes violet Nuevo Sol;Cape Car Salad;solutions;Metal Designer withdrawal;Pennsylvania;91176;23207;../fake-data/blob/hipster.png;image/png;../fake-data/blob/hipster.png;image/png;../fake-data/blob/hipster.png;image/png;../fake-data/blob/hipster.png;image/png;../fake-data/blob/hipster.png;image/png;../fake-data/blob/hipster.png;image/png;TRUE;FALSE;Poland withdrawal;TROISIEME;Michigan withdrawal Licensed;SMTP primary Avon;Clothing Electronics
7;Democratic People's Republic of Korea Gorgeous Frozen Gloves;quantifying evolve;Tuna;2020-11-07T16:37:42;Home Loan Account;incentivize Nicaragua Metal;Nicolas.Collier@gmail.com;Sciences_Physiques_Et_Chimiques;Assez_bien;open architecture 1080p PNG;Switchable Louisiana;convergence Plastic;Group;Fantastic Metal Table human-resource Dynamic;Crossroad Car;44359;67930;../fake-data/blob/hipster.png;image/png;../fake-data/blob/hipster.png;image/png;../fake-data/blob/hipster.png;image/png;../fake-data/blob/hipster.png;image/png;../fake-data/blob/hipster.png;image/png;../fake-data/blob/hipster.png;image/png;TRUE;FALSE;Bypass Liaison Cliff;PREMIER;Ergonomic productize explicit;interactive;Parkway Passage
8;Agent;Public-key cross-platform interfaces;invoice;2020-11-07T01:33:37;Garden;Delaware overriding;Laverna35@yahoo.com;Techniques_De_Gestion_Et_Comptabilite;Tres_bien;solid state;matrix Liaison;compress;Wooden;calculating;digital Re-engineered deliverables;71982;43480;../fake-data/blob/hipster.png;image/png;../fake-data/blob/hipster.png;image/png;../fake-data/blob/hipster.png;image/png;../fake-data/blob/hipster.png;image/png;../fake-data/blob/hipster.png;image/png;../fake-data/blob/hipster.png;image/png;FALSE;FALSE;Bedfordshire;DEUXIEME;Kentucky vortals;hub;Glens engineer Sleek
9;Passage;Singapore ADP;virtual Towels human-resource;2020-11-07T21:06:42;EXE;intranet knowledge user Practical;Timothy70@hotmail.com;Techniques_De_Gestion_Et_Comptabilite;Tres_bien;multi-byte Grove;quantifying;auxiliary eyeballs;card;Senior North Carolina Assimilated;definition;56589;1068;../fake-data/blob/hipster.png;image/png;../fake-data/blob/hipster.png;image/png;../fake-data/blob/hipster.png;image/png;../fake-data/blob/hipster.png;image/png;../fake-data/blob/hipster.png;image/png;../fake-data/blob/hipster.png;image/png;TRUE;FALSE;Industrial;TROISIEME;California orchid Refined;firewall;Profound Virginia Zimbabwe
10;RSS responsive;ADP Nakfa;Movies Cape;2020-11-07T17:15:05;impactful copying;Field Gardens;Durward.Reilly@gmail.com;Sciences_Physiques_Et_Chimiques;Bien;Multi-layered Frozen Park;Re-engineered;Pass Qatar Computer;Accounts Sausages;Lempira;International impactful withdrawal;19158;96437;../fake-data/blob/hipster.png;image/png;../fake-data/blob/hipster.png;image/png;../fake-data/blob/hipster.png;image/png;../fake-data/blob/hipster.png;image/png;../fake-data/blob/hipster.png;image/png;../fake-data/blob/hipster.png;image/png;TRUE;TRUE;solutions repurpose;PREMIER;Hat;bluetooth Louisiana;withdrawal open-source Regional
