id;suffixe;nom;prenom;date_naissance;adresse_contact;ville;email;pj_bac;mention;annee_obtention;cin_pass;pays_nationalite;pays_residence;codepostal;province;tel;deuxieme_tel;photo;photo_content_type;cv;cv_content_type;autre_document;autre_document_content_type;attestation_de_travail;attestation_de_travail_content_type;bacalaureat;bacalaureat_content_type;cin_passport;cin_passport_content_type;diplome;diplome_content_type;inscriptionvalide;absent;niveau
1;Congolese Franc;bluetooth architect;Frozen installation;2020-11-07T08:01:33;tan;Sausages Engineer;Nicolette_Durgan4@yahoo.com;Sciences_Economiques;Assez_bien;Grocery Alabama Small;Cape Verde;needs-based Estates;Strategist Principal calculating;cohesive back up Rubber;cohesive back up Rubber;63754;58402;../fake-data/blob/hipster.png;image/png;../fake-data/blob/hipster.png;image/png;../fake-data/blob/hipster.png;image/png;../fake-data/blob/hipster.png;image/png;../fake-data/blob/hipster.png;image/png;../fake-data/blob/hipster.png;image/png;../fake-data/blob/hipster.png;image/png;FALSE;TRUE;PREMIER
2;Quality Burgs Rhode Island;aggregate methodical;mindshare West Virginia;2020-11-06T22:12:05;schemas;Wooden;Eldon.Lesch81@gmail.com;Sciences_De_La_Vie_Et_De_La_Terre;Assez_bien;Pines Assistant Legacy;bleeding-edge;vortals Tasty;Pakistan Rupee connecting;Iceland Licensed transmit;Iceland Licensed transmit;86502;68759;../fake-data/blob/hipster.png;image/png;../fake-data/blob/hipster.png;image/png;../fake-data/blob/hipster.png;image/png;../fake-data/blob/hipster.png;image/png;../fake-data/blob/hipster.png;image/png;../fake-data/blob/hipster.png;image/png;../fake-data/blob/hipster.png;image/png;FALSE;TRUE;DEUXIEME
3;azure Alaska motivating;Peso Uruguayo Uruguay Peso en Unidades Indexadas PCI;approach;2020-11-07T08:02:54;teal Buckinghamshire Car;systems;Irving_Fritsch@gmail.com;Sciences_Economiques;Tres_bien;metrics Cambridgeshire;models quantifying Slovakia (Slovak Republic);transmitting Architect;Junctions Generic;tangible;tangible;57389;34913;../fake-data/blob/hipster.png;image/png;../fake-data/blob/hipster.png;image/png;../fake-data/blob/hipster.png;image/png;../fake-data/blob/hipster.png;image/png;../fake-data/blob/hipster.png;image/png;../fake-data/blob/hipster.png;image/png;../fake-data/blob/hipster.png;image/png;TRUE;TRUE;TROISIEME
4;HDD;Democratic People's Republic of Korea;calculating haptic;2020-11-07T09:45:19;bus Networked Concrete;Keyboard;Calista.McLaughlin@yahoo.com;Sciences_Economiques;Bien;Facilitator Fresh;Vista;Cambridgeshire Tactics Jersey;synthesize matrix channels;South Africa Ramp Books;South Africa Ramp Books;98088;20456;../fake-data/blob/hipster.png;image/png;../fake-data/blob/hipster.png;image/png;../fake-data/blob/hipster.png;image/png;../fake-data/blob/hipster.png;image/png;../fake-data/blob/hipster.png;image/png;../fake-data/blob/hipster.png;image/png;../fake-data/blob/hipster.png;image/png;TRUE;TRUE;PREMIER
5;Palestinian Territory reboot;Auto Loan Account;SQL global;2020-11-07T08:51:37;mobile;ROI brand;Antone.Johns4@yahoo.com;Sciences_Physiques_Et_Chimiques;Passable;port Mission;Unbranded;array;SAS;magenta Ukraine;magenta Ukraine;89502;8976;../fake-data/blob/hipster.png;image/png;../fake-data/blob/hipster.png;image/png;../fake-data/blob/hipster.png;image/png;../fake-data/blob/hipster.png;image/png;../fake-data/blob/hipster.png;image/png;../fake-data/blob/hipster.png;image/png;../fake-data/blob/hipster.png;image/png;FALSE;TRUE;DEUXIEME
6;hacking Concrete hacking;calculating;Cotton;2020-11-07T20:48:24;Soft microchip;workforce redundant;Providenci69@yahoo.com;Sciences_Economiques;Tres_bien;synthesizing Islands Bedfordshire;monetize Ville;red;Communications bandwidth Liechtenstein;Georgia interface connecting;Georgia interface connecting;1017;29321;../fake-data/blob/hipster.png;image/png;../fake-data/blob/hipster.png;image/png;../fake-data/blob/hipster.png;image/png;../fake-data/blob/hipster.png;image/png;../fake-data/blob/hipster.png;image/png;../fake-data/blob/hipster.png;image/png;../fake-data/blob/hipster.png;image/png;TRUE;TRUE;TROISIEME
7;Fantastic Fresh Hat capacity;Extension;back-end;2020-11-07T11:54:29;pink French Polynesia;Chair Chips Indiana;Loyce_Kuphal@gmail.com;Sciences_Physiques_Et_Chimiques;Passable;Intranet;Senior strategic viral;alliance Oregon;Engineer;wireless Interactions program;wireless Interactions program;26604;97551;../fake-data/blob/hipster.png;image/png;../fake-data/blob/hipster.png;image/png;../fake-data/blob/hipster.png;image/png;../fake-data/blob/hipster.png;image/png;../fake-data/blob/hipster.png;image/png;../fake-data/blob/hipster.png;image/png;../fake-data/blob/hipster.png;image/png;FALSE;FALSE;PREMIER
8;Multi-lateral Tasty;Moldovan Leu solid state withdrawal;pixel;2020-11-07T19:08:26;Customer Checking Account Refined Plastic Keyboard;bandwidth-monitored capacitor;Rosalee25@hotmail.com;Sciences_Physiques_Et_Chimiques;Passable;withdrawal local San Marino;Dynamic black;Plaza;ROI Borders;24/7 homogeneous;24/7 homogeneous;4121;62426;../fake-data/blob/hipster.png;image/png;../fake-data/blob/hipster.png;image/png;../fake-data/blob/hipster.png;image/png;../fake-data/blob/hipster.png;image/png;../fake-data/blob/hipster.png;image/png;../fake-data/blob/hipster.png;image/png;../fake-data/blob/hipster.png;image/png;TRUE;TRUE;DEUXIEME
9;Checking Account white reciprocal;wireless Vermont;Metal;2020-11-07T02:57:30;Sleek Plastic Table Designer;Gorgeous Integration;Kip.Kassulke@gmail.com;Techniques_De_Gestion_Et_Comptabilite;Passable;Regional;Balanced Lek structure;Lead;Lights withdrawal Sao Tome and Principe;Paraguay invoice Practical Frozen Pants;Paraguay invoice Practical Frozen Pants;50878;8996;../fake-data/blob/hipster.png;image/png;../fake-data/blob/hipster.png;image/png;../fake-data/blob/hipster.png;image/png;../fake-data/blob/hipster.png;image/png;../fake-data/blob/hipster.png;image/png;../fake-data/blob/hipster.png;image/png;../fake-data/blob/hipster.png;image/png;TRUE;TRUE;TROISIEME
10;Internal;SMTP;holistic Branding;2020-11-07T15:55:02;navigate Chair;eyeballs Granite;David89@yahoo.com;Sciences_Physiques_Et_Chimiques;Passable;Salad;violet pricing structure;mesh;copying;lime;lime;61224;25225;../fake-data/blob/hipster.png;image/png;../fake-data/blob/hipster.png;image/png;../fake-data/blob/hipster.png;image/png;../fake-data/blob/hipster.png;image/png;../fake-data/blob/hipster.png;image/png;../fake-data/blob/hipster.png;image/png;../fake-data/blob/hipster.png;image/png;TRUE;FALSE;PREMIER
