id;suffixe;nom;prenom;date_naissance;adresse_contact;ville;email;pj_bac;mention;anne_otention;cin_pass;pays_nationalite;pays_residence;codepostal;province;tel;deuxieme_tel;photo;photo_content_type;extrait_acte_naissance;extrait_acte_naissance_content_type;bacalaureat;bacalaureat_content_type;cin_passport;cin_passport_content_type;diplome;diplome_content_type;inscriptionvalide;absent
1;contextually-based;synergies copying;ability Hat Iraq;2020-10-20T11:06:54;Bahamian Dollar;24/7;Cathryn51@hotmail.com;Sciences_Physiques_Et_Chimiques;Tres_bien;capability zero tolerance Computers;Analyst paradigms;encompassing;deposit Canadian Dollar Lebanon;Designer Persistent;Handmade 24/7 Re-contextualized;80313;36778;../data/blob/hipster.png;image/png;../data/blob/hipster.png;image/png;../data/blob/hipster.png;image/png;../data/blob/hipster.png;image/png;../data/blob/hipster.png;image/png;false;true
2;withdrawal Solomon Islands Licensed;Gloves Bedfordshire Argentine Peso;Kentucky Algerian Dinar Clothing;2020-10-20T10:27:38;Future-proofed deposit Sausages;disintermediate Cambridgeshire hacking;Evan20@hotmail.com;Sciences_Physiques_Et_Chimiques;Assez_bien;Borders content-based;Tasty Customer Human;pink even-keeled;bus Internal AI;THX bypassing Marketing;Dynamic Home Loan Account Tools;10147;94013;../data/blob/hipster.png;image/png;../data/blob/hipster.png;image/png;../data/blob/hipster.png;image/png;../data/blob/hipster.png;image/png;../data/blob/hipster.png;image/png;true;true
3;clear-thinking;Latvia;Ports Manager Fish;2020-10-20T22:19:01;Bedfordshire;navigate;Natalie_Stanton30@yahoo.com;Techniques_De_Gestion_Et_Comptabilite;Passable;Coordinator Cambridgeshire Investor;cross-platform Borders;Libyan Dinar CSS;sensor;Alaska;deposit Chips Applications;95392;27956;../data/blob/hipster.png;image/png;../data/blob/hipster.png;image/png;../data/blob/hipster.png;image/png;../data/blob/hipster.png;image/png;../data/blob/hipster.png;image/png;true;true
4;back up Factors;architectures;Wisconsin Facilitator Incredible;2020-10-20T15:24:51;fuchsia eco-centric;Pants Maryland;Rosalind_Powlowski7@hotmail.com;Sciences_Physiques_Et_Chimiques;Assez_bien;portal calculating Metal;real-time discrete redundant;Synergistic Personal Loan Account Sleek;Borders;olive Handcrafted Cotton Bacon Unbranded Fresh Pants;incubate;9398;43847;../data/blob/hipster.png;image/png;../data/blob/hipster.png;image/png;../data/blob/hipster.png;image/png;../data/blob/hipster.png;image/png;../data/blob/hipster.png;image/png;true;true
5;implementation;Wallis and Futuna;generating;2020-10-20T02:06:04;Assimilated;compressing;Kaitlyn52@yahoo.com;Techniques_De_Gestion_Et_Comptabilite;Assez_bien;Iran;Philippine Peso Metal;Strategist;card Licensed Cotton Ball;mindshare Gorgeous;Chips;8087;83598;../data/blob/hipster.png;image/png;../data/blob/hipster.png;image/png;../data/blob/hipster.png;image/png;../data/blob/hipster.png;image/png;../data/blob/hipster.png;image/png;false;true
6;paradigms Salad Table;Optimized;microchip;2020-10-20T06:54:22;motivating Operations alarm;e-markets system;Dell.Mann@gmail.com;Sciences_Economiques;Assez_bien;Shoes Music connect;Hollow Shoes systems;Generic Frozen Tuna HTTP;implement;Optimization Cambridgeshire;payment Soap;7056;94389;../data/blob/hipster.png;image/png;../data/blob/hipster.png;image/png;../data/blob/hipster.png;image/png;../data/blob/hipster.png;image/png;../data/blob/hipster.png;image/png;true;true
7;COM;Data North Dakota;North Carolina Granite;2020-10-20T03:16:55;parsing Investment Account;Branding Dynamic black;Cristobal.Bradtke@gmail.com;Sciences_De_La_Vie_Et_De_La_Terre;Passable;Garden open-source hybrid;Solomon Islands Dollar;Personal Loan Account HTTP;schemas Specialist China;quantify multi-byte;interface Cotton Robust;58054;34080;../data/blob/hipster.png;image/png;../data/blob/hipster.png;image/png;../data/blob/hipster.png;image/png;../data/blob/hipster.png;image/png;../data/blob/hipster.png;image/png;true;true
8;SSL bandwidth;application Configurable iterate;Berkshire navigating;2020-10-20T15:04:10;Direct;Small Frozen Salad bypassing;Emmanuel_Will95@yahoo.com;Sciences_De_La_Vie_Et_De_La_Terre;Bien;Danish Krone parse;neural Wooden Optimization;Tasty Rubber Car mindshare EXE;bandwidth Liaison;program Auto Loan Account Refined;infomediaries;22257;7276;../data/blob/hipster.png;image/png;../data/blob/hipster.png;image/png;../data/blob/hipster.png;image/png;../data/blob/hipster.png;image/png;../data/blob/hipster.png;image/png;false;true
9;panel Sleek Intelligent;Maine PCI SAS;Interactions;2020-10-19T23:05:13;navigate repurpose;Buckinghamshire;Keaton.Purdy@yahoo.com;Sciences_Economiques;Tres_bien;quantifying;synthesize Idaho Markets;Glen Refined;Mandatory Assistant;Strategist;Incredible Fresh Car Tuvalu;99296;91911;../data/blob/hipster.png;image/png;../data/blob/hipster.png;image/png;../data/blob/hipster.png;image/png;../data/blob/hipster.png;image/png;../data/blob/hipster.png;image/png;false;false
10;Yemeni Rial Sleek;Savings Account;heuristic Orchestrator Naira;2020-10-20T13:31:48;protocol Product Usability;Regional;Benny.Mosciski@yahoo.com;Sciences_Economiques;Tres_bien;Fantastic;zero defect Ridges Beauty;groupware;Credit Card Account clear-thinking Frozen;parsing;models New Mexico District;8274;93272;../data/blob/hipster.png;image/png;../data/blob/hipster.png;image/png;../data/blob/hipster.png;image/png;../data/blob/hipster.png;image/png;../data/blob/hipster.png;image/png;true;true
