id;suffixe;nom;prenom;date_naissance;adresse_contact;ville;email;type_bac;mention;anne_otention;cin_pass;pays_nationalite;pays_residence;codepostal;province;tel;deuxieme_tel;photo;photo_content_type;extrait_acte_naissance;extrait_acte_naissance_content_type;bacalaureat;bacalaureat_content_type;cin_passport;cin_passport_content_type;diplome;diplome_content_type;inscriptionvalide;absent
1;Consultant back-end Fresh;Cambridgeshire Central;Table Avon Bedfordshire;2020-10-20T04:57:02;Philippine Peso incentivize;Metal;Helga52@hotmail.com;Sciences_Economiques;Assez_bien;India;Buckinghamshire microchip;Games;tertiary;USB;Phased payment;49427;17537;../data/blob/hipster.png;image/png;../data/blob/hipster.png;image/png;../data/blob/hipster.png;image/png;../data/blob/hipster.png;image/png;../data/blob/hipster.png;image/png;true;true
2;niches drive Ireland;strategic;microchip Ergonomic Auto Loan Account;2020-10-20T16:51:45;generate;action-items;Miller61@hotmail.com;Techniques_De_Gestion_Et_Comptabilite;Passable;Equatorial Guinea;Auto Loan Account;indexing;Savings Account extensible connect;robust;interface Buckinghamshire;68840;59828;../data/blob/hipster.png;image/png;../data/blob/hipster.png;image/png;../data/blob/hipster.png;image/png;../data/blob/hipster.png;image/png;../data/blob/hipster.png;image/png;false;false
3;Licensed;auxiliary;Engineer Toys Fantastic;2020-10-20T15:12:02;solid state;Soft Quality Mount;Asha_Lindgren75@gmail.com;Sciences_Economiques;Passable;deposit Rand Namibia Dollar;Branding;Handcrafted Rubber Sausages;Towels Mississippi Product;Metal;complexity Direct Administrator;94426;79534;../data/blob/hipster.png;image/png;../data/blob/hipster.png;image/png;../data/blob/hipster.png;image/png;../data/blob/hipster.png;image/png;../data/blob/hipster.png;image/png;false;true
4;Refined Granite Gloves South Georgia and the South Sandwich Islands deposit;Money Market Account Organic;Cliff;2020-10-20T01:30:40;Greenland models streamline;projection Maldives;Maida_Hamill52@hotmail.com;Sciences_Physiques_Et_Chimiques;Passable;sky blue matrix Data;Supervisor;Licensed Steel Shirt Sleek Granite Tuna;AGP Coordinator;Practical killer Russian Federation;Adaptive Practical B2C;28723;85282;../data/blob/hipster.png;image/png;../data/blob/hipster.png;image/png;../data/blob/hipster.png;image/png;../data/blob/hipster.png;image/png;../data/blob/hipster.png;image/png;false;true
5;Arizona;Automotive;Practical Wooden Shirt whiteboard Concrete;2020-10-19T23:47:49;neural Cloned Massachusetts;SCSI Communications Underpass;Yasmine_Cummings6@yahoo.com;Techniques_De_Gestion_Et_Comptabilite;Bien;Intelligent Cotton Bike;lavender;copying primary invoice;EXE;Personal Loan Account Chile foreground;connect Zimbabwe Dollar;15389;89743;../data/blob/hipster.png;image/png;../data/blob/hipster.png;image/png;../data/blob/hipster.png;image/png;../data/blob/hipster.png;image/png;../data/blob/hipster.png;image/png;true;false
6;Savings Account;Antigua and Barbuda Personal Loan Account Utah;Trail;2020-10-20T13:21:46;bi-directional;HTTP Configuration;Alfonzo65@hotmail.com;Sciences_Economiques;Assez_bien;Borders;Integration;Bond Markets Units European Composite Unit (EURCO);Facilitator;Cambridgeshire;Borders Internal;57131;34780;../data/blob/hipster.png;image/png;../data/blob/hipster.png;image/png;../data/blob/hipster.png;image/png;../data/blob/hipster.png;image/png;../data/blob/hipster.png;image/png;true;true
7;Utah optimal;Seychelles SMTP Synchronised;GB;2020-10-20T05:45:01;overriding UIC-Franc;Generic El Salvador Colon US Dollar purple;Shanie.Willms2@hotmail.com;Sciences_Economiques;Tres_bien;Bedfordshire Electronics asymmetric;website New York;exuding;Beauty synthesizing;Gorgeous;Beauty web services copying;39215;63262;../data/blob/hipster.png;image/png;../data/blob/hipster.png;image/png;../data/blob/hipster.png;image/png;../data/blob/hipster.png;image/png;../data/blob/hipster.png;image/png;false;true
8;Licensed Directives Baht;Paradigm;application;2020-10-20T21:08:04;Mississippi proactive Checking Account;SCSI;Waylon.Padberg74@hotmail.com;Sciences_De_La_Vie_Et_De_La_Terre;Tres_bien;Buckinghamshire compress;Grocery Ball Wells;partnerships Terrace Hat;calculating conglomeration bypassing;Kroon deposit systemic;Liaison Grocery capacitor;90952;41972;../data/blob/hipster.png;image/png;../data/blob/hipster.png;image/png;../data/blob/hipster.png;image/png;../data/blob/hipster.png;image/png;../data/blob/hipster.png;image/png;true;true
9;unleash grid-enabled Specialist;success program;teal Outdoors payment;2020-10-20T13:54:22;RSS Neck;Mouse fuchsia Licensed;Ole_Kling76@gmail.com;Sciences_De_La_Vie_Et_De_La_Terre;Assez_bien;Principal Savings Account online;Music Savings Account;Ethiopian Birr architectures;Networked;Handcrafted Rubber Gloves;South Carolina;43324;31036;../data/blob/hipster.png;image/png;../data/blob/hipster.png;image/png;../data/blob/hipster.png;image/png;../data/blob/hipster.png;image/png;../data/blob/hipster.png;image/png;true;false
10;Health;Jordanian Dinar;Walks Credit Card Account;2020-10-20T15:45:03;El Salvador Colon US Dollar XSS;Lead sensor bypass;Deangelo_Brakus14@gmail.com;Sciences_Physiques_Et_Chimiques;Assez_bien;Automotive approach Borders;PCI;Sports;24/365;Frozen;magenta Turkish Lira;82144;20015;../data/blob/hipster.png;image/png;../data/blob/hipster.png;image/png;../data/blob/hipster.png;image/png;../data/blob/hipster.png;image/png;../data/blob/hipster.png;image/png;false;false
